Nama Rak;No. Rak;Posisi Rak
A;1;A1
A;2;A2
A;3;A3
A;4;A4
A;5;A1
A;6;A2
A;7;A3
A;8;A4
A;9;A1
A;10;A2
A;11;A3
A;12;A4
B;13;B1
B;14;B2
B;15;B3
B;16;B4
B;17;B1
B;18;B2
B;19;B3
B;20;B4
B;21;B1
B;22;B2
B;23;B3
B;24;B4
B;25;B1
B;26;B2
B;27;B3
B;28;B4
B;29;B1
B;30;B2
B;31;B3
B;32;B4
B;33;B1
B;34;B2
B;35;B3
B;36;B4
B;37;B1
B;38;B2
B;39;B3
B;40;B4
B;41;B1
B;42;B2
B;43;B3
B;44;B4
B;45;B1
B;46;B2
B;47;B3
B;48;B4
B;49;B1
B;50;B2
B;51;B3
B;52;B4
B;53;B1
B;54;B2
B;55;B3
B;56;B4
B;57;B1
B;58;B2
B;59;B3
B;60;B4
C;61;C1
C;62;C2
C;63;C3
C;64;C4
C;65;C1
C;66;C2
C;67;C3
C;68;C4
C;69;C1
C;70;C2
C;71;C3
C;72;C4
C;73;C1
C;74;C2
C;75;C3
C;76;C4
C;77;C1
C;78;C2
C;79;C3
C;80;C4
C;81;C1
C;82;C2
C;83;C3
C;84;C4
C;85;C1
C;86;C2
C;87;C3
C;88;C4
C;89;C1
C;90;C2
C;91;C3
C;92;C4
C;93;C1
C;94;C2
C;95;C3
C;96;C4
C;97;C1
C;98;C2
C;99;C3
C;100;C4
C;101;C1
C;102;C2
C;103;C3
C;104;C4
C;105;C1
C;106;C2
C;107;C3
C;108;C4
D;109;D1
D;110;D2
D;111;D3
D;112;D4
D;113;D1
D;114;D2
D;115;D3
D;116;D4
D;117;D1
D;118;D2
D;119;D3
D;120;D4
D;121;D1
D;122;D2
D;123;D3
D;124;D4
D;125;D1
D;126;D2
D;127;D3
D;128;D4
D;129;D1
D;130;D2
D;131;D3
D;132;D4
D;133;D1
D;134;D2
D;135;D3
D;136;D4
D;137;D1
D;138;D2
D;139;D3
D;140;D4
D;141;D1
D;142;D2
D;143;D3
D;144;D4
D;145;D1
D;146;D2
D;147;D3
D;148;D4
D;149;D1
D;150;D2
D;151;D3
D;152;D4
D;153;D1
D;154;D2
D;155;D3
D;156;D4
E;157;E1
E;158;E2
E;159;E3
E;160;E4
E;161;E1
E;162;E2
E;163;E3
E;164;E4
E;165;E1
E;166;E2
E;167;E3
E;168;E4
F;169;F1
F;170;F2
F;171;F3
F;172;F4
F;173;F1
F;174;F2
F;175;F3
F;176;F4
F;177;F1
F;178;F2
F;179;F3
F;180;F4
G;181;G1
G;182;G2
G;183;G3
G;184;G4
G;185;G1
G;186;G2
G;187;G3
G;188;G4
G;189;G1
G;190;G2
G;191;G3
G;192;G4
G;193;G1
G;194;G2
G;195;G3
G;196;G4
G;197;G1
G;198;G2
G;199;G3
G;200;G4
G;201;G1
G;202;G2
G;203;G3
G;204;G4
G;205;G1
G;206;G2
G;207;G3
G;208;G4
G;209;G1
G;210;G2
G;211;G3
G;212;G4
G;213;G1
G;214;G2
G;215;G3
G;216;G4
G;217;G1
G;218;G2
G;219;G3
G;220;G4
G;221;G1
G;222;G2
G;223;G3
G;224;G4
G;225;G1
G;226;G2
G;227;G3
G;228;G4
F;229;F1
F;230;F2
F;231;F3
F;232;F4
F;233;F1
F;234;F2
F;235;F3
F;236;F4
F;237;F1
F;238;F2
F;239;F3
F;240;F4
H;241;H1
H;242;H2
H;243;H3
H;244;H4
H;245;H1
H;246;H2
H;247;H3
H;248;H4
H;249;H1
H;250;H2
H;251;H3
H;252;H4
H;253;H1
H;254;H2
H;255;H3
H;256;H4
H;257;H1
H;258;H2
H;259;H3
H;260;H4
H;261;H1
H;262;H2
H;263;H3
H;264;H4
H;265;H1
H;266;H2
H;267;H3
H;268;H4
H;269;H1
H;270;H2
H;271;H3
H;272;H4
H;273;H1
H;274;H2
H;275;H3
H;276;H4
H;277;H1
H;278;H2
H;279;H3
H;280;H4
H;281;H1
H;282;H2
H;283;H3
H;284;H4
H;285;H1
H;286;H2
H;287;H3
H;288;H4
I;289;I1
I;290;I2
I;291;I3
I;292;I4
I;293;I1
I;294;I2
I;295;I3
I;296;I4
I;297;I1
I;298;I2
I;299;I3
I;300;I4
I;301;I1
I;302;I2
I;303;I3
I;304;I4
I;305;I1
I;306;I2
I;307;I3
I;308;I4
I;309;I1
I;310;I2
I;311;I3
I;312;I4
I;313;I1
I;314;I2
I;315;I3
I;316;I4
I;317;I1
I;318;I2
I;319;I3
I;320;I4
I;321;I1
I;322;I2
I;323;I3
I;324;I4
I;325;I1
I;326;I2
I;327;I3
I;328;I4
I;329;I1
I;330;I2
I;331;I3
I;332;I4
I;333;I1
J;334;I2
J;335;I3
J;336;I4
J;337;J1
J;338;J2
J;339;J3
J;340;J4
J;341;J1
J;342;J2
J;343;J3
J;344;J4
J;345;J1
J;346;J2
J;347;J3
J;348;J4
J;349;J1
J;350;J2
J;351;J3
J;352;J4
J;353;J1
J;354;J2
J;355;J3
J;356;J4
J;357;J1
J;358;J2
J;359;J3
J;360;J4
J;361;J1
J;362;J2
J;363;J3
J;364;J4
J;365;J1
J;366;J2
J;367;J3
J;368;J4
J;369;J1
J;370;J2
J;371;J3
J;372;J4
J;373;J1
J;374;J2
J;375;J3
J;376;J4
J;377;J1
J;378;J2
J;379;J3
J;380;J4
J;381;J1
J;382;J2
J;383;J3
J;384;J4
K;385;K1
K;386;K2
K;387;K3
K;388;K4
K;389;K1
K;390;K2
K;391;K3
K;392;K4
K;393;K1
K;394;K2
K;395;K3
K;396;K4
K;397;K1
K;398;K2
K;399;K3
K;400;K4
K;401;K1
K;402;K2
K;403;K3
K;404;K4
K;405;K1
K;406;K2
K;407;K3
K;408;K4
K;409;K1
K;410;K2
K;411;K3
K;412;K4
K;413;K1
K;414;K2
K;415;K3
K;416;K4
K;417;K1
K;418;K2
K;419;K3
K;420;K4
K;421;K1
K;422;K2
K;423;K3
K;424;K4
K;425;K1
K;426;K2
K;427;K3
K;428;K4
K;429;K1
K;430;K2
K;431;K3
K;432;K4
;;
;;
;;
;;
;;
;;
;;
;;
;;
;;